cleaned job,Employment,Mean Hourly Wage,Mean Annual Wage,Median hourly wages
All occupations,132588810,22.33,46440,16.87
Management occupations,6542950,53.15,110550,45.96
Top executives,2278260,58.18,121010,48.22
Chief executives,248760,85.77,178400,82.5
General and operations managers,1973700,55.81,116090,46.36
Legislators,55800,-,39320,-
"Advertising, marketing, promotions, public relations, and sales managers",608470,59.92,124640,53.55
Advertising and promotions managers,28530,54.27,112870,45.13
Marketing and sales managers,526220,60.88,126640,54.61
Marketing managers,174010,64.28,133700,59.24
Sales managers,352220,59.21,123150,52.18
Public relations and fundraising managers,53730,53.49,111260,47.45
Operations specialties managers,1582020,54.88,114160,49.6
Administrative services managers,269500,43.36,90190,39.57
Computer and information systems managers,319080,63.74,132570,59.59
Financial managers,499320,60.89,126660,54.18
Industrial production managers,165340,47.78,99370,43.65
Purchasing managers,69620,52.71,109640,49.89
"Transportation, storage, and distribution managers",102610,43.86,91220,40.33
Compensation and benefits managers,17570,53.87,112040,48.79
Human resources managers,110650,53.45,111180,48.46
Training and development managers,28340,51.81,107770,47.5
Other management occupations,2074200,44.32,92180,40.21
"Farmers, ranchers, and other agricultural managers",3770,35.2,73210,33.71
Construction managers,213720,44.57,92700,40.58
Education administrators,431540,42.68,88780,40.31
"Education administrators, preschool and childcare center/program",47560,25,52010,21.58
"Education administrators, elementary and secondary school",226760,-,90670,-
"Education administrators, postsecondary",126340,48.37,100600,42.02
"Education administrators, all other",30880,39.99,83170,37.2
Architectural and engineering managers,183430,65.65,136540,61.62
Food service managers,191030,25.54,53130,23.12
Funeral service managers,8810,38.58,80250,32.89
Gaming managers,4460,35.46,73760,31.83
Lodging managers,30950,26.83,55810,22.51
Medical and health services managers,300180,48.72,101340,43.72
Natural sciences managers,51900,63.87,132850,56.17
Postmasters and mail superintendents,17930,31.89,66340,31.32
"Property, real estate, and community association managers",165960,30.9,64270,25.58
Social and community service managers,115330,31.61,65750,29.4
Emergency management directors,9800,32.28,67150,30.18
"Managers, all other",345390,52.11,108380,49.78
Business and financial operations occupations,6658090,34.14,71020,30.67
Business operations specialists,4137510,33.19,69030,30.36
"Agents and business managers of artists, performers, and athletes",11680,46.35,96410,31.01
Buyers and purchasing agents,408060,29.76,61900,27.71
"Buyers and purchasing agents, farm products",11290,29.07,60470,26.66
"Wholesale and retail buyers, except farm products",112290,27.99,58210,25.18
"Purchasing agents, except wholesale, retail, and farm products",284480,30.49,63420,28.74
"Claims adjusters, appraisers, examiners, and investigators",288680,29.99,62370,29.43
"Claims adjusters, examiners, and investigators",275500,29.97,62340,29.42
"Insurance appraisers, auto damage",13180,30.34,63100,29.65
Compliance officers,236090,32.1,66770,30.93
Cost estimators,202600,30.61,63660,28.59
Human resources workers,503940,29.21,60760,27.09
Human resources specialists,426570,29.6,61560,27.23
Farm labor contractors,1210,20.63,42920,17.03
Labor relations specialists,76160,27.2,56590,26.27
Logisticians,120340,36.7,76330,35.29
Management analysts,567840,43.26,89990,38.4
"Meeting, convention, and event planners",73290,24.13,50190,22.24
Fundraisers,50530,27.05,56270,24.8
"Compensation, benefits, and job analysis specialists",81520,30.44,63310,28.76
Training and development specialists,224110,29.22,60780,27.33
Market research analysts and marketing specialists,430350,32.59,67780,29.23
"Business operations specialists, all other",938480,34.42,71590,31.78
Financial specialists,2520580,35.71,74270,31.2
Accountants and auditors,1168330,34.86,72500,31.29
Appraisers and assessors of real estate,60210,27.42,57040,24.53
Budget analysts,58740,34.89,72560,33.71
Credit analysts,66490,34.9,72590,30.78
Financial analysts and advisors,526630,43.62,90730,35.86
Financial analysts,250670,44.05,91620,37.68
Personal financial advisors,183420,48.04,99920,36.21
Insurance underwriters,92540,33.71,70110,30.66
Financial examiners,30680,41.82,86980,36.97
Credit counselors and loan officers,329570,33.43,69540,28.41
Credit counselors,27710,21.62,44960,19.37
Loan officers,301860,34.52,71800,29.53
"Tax examiners, collectors and preparers, and revenue agents",132600,23.84,49590,21.25
"Tax examiners and collectors, and revenue agents",64790,26.98,56120,24.33
Tax preparers,67810,20.84,43350,16.98
"Financial specialists, all other",147330,32.76,68130,30.05
Computer and mathematical occupations,3696180,39.43,82010,37.43
Computer occupations,3573120,39.36,81860,37.42
Computer and information research scientists,24380,52.53,109260,51.1
Computer and information analysts,585120,41.4,86100,39.46
Computer systems analysts,507100,41.02,85320,39.03
Information security analysts,78020,43.85,91210,42.59
Software developers and programmers,1442500,44.63,92820,42.88
Computer programmers,312340,38.91,80930,36.6
"Software developers, applications",643830,46.28,96260,44.55
"Software developers, systems software",373510,50.23,104480,48.75
Web developers,112820,32.47,67540,30.37
Database and systems administrators and network architects,618480,39.88,82960,37.93
Database administrators,114910,38.82,80740,37.75
Network and computer systems administrators,362310,37.46,77910,35.58
Computer network architects,141270,46.97,97700,45.85
Computer support specialists,706360,25.8,53660,23.64
Computer user support specialists,541250,24.26,50450,22.41
Computer network support specialists,165100,30.85,64160,28.93
"Computer occupations, all other",196280,40.02,83240,39.59
Mathematical science occupations,123070,41.57,86470,37.72
Actuaries,20080,51.8,107740,45.35
Mathematicians,3030,49.67,103310,49.25
Operations research analysts,72680,39.26,81660,35.88
Statisticians,24950,40.05,83310,38.12
Miscellaneous mathematical science occupations,2330,31.22,64930,27.7
Mathematical technicians,1080,28.97,60260,26.07
"Mathematical science occupations, all other",1240,33.18,69000,29.24
Architecture and engineering occupations,2380840,38.51,80100,35.83
"Architects, surveyors, and cartographers",153200,34.51,71790,32.46
"Architects, except naval",100550,37.43,77850,34.92
Landscape architects,16330,32.97,68570,31.15
"Surveyors, cartographers, and photogrammetrists",52650,28.95,60210,27.47
Cartographers and photogrammetrists,11290,30.07,62540,28.29
Surveyors,41360,28.64,59570,27.21
Engineers,1547580,44.31,92170,41.96
Aerospace engineers,71500,50.7,105450,49.94
Agricultural engineers,2590,37.92,78880,35.79
Biomedical engineers,19890,45.18,93960,42.63
Chemical engineers,33300,50.16,104340,46.02
Civil engineers,262170,41.17,85640,38.83
Computer hardware engineers,77670,51.41,106930,50.12
Electrical and electronics engineers,303450,45.86,95380,43.92
Electrical engineers,168100,44.89,93380,42.88
"Electronics engineers, except computer",135350,47.05,97870,45.31
Environmental engineers,53020,41.12,85520,39.53
"Industrial engineers, including health and safety",254430,40,83190,38.55
"Health and safety engineers, except mining safety engineers and inspectors",23850,39.1,81320,37.89
Industrial engineers,230580,40.09,83390,38.61
Marine engineers and naval architects,6640,45.21,94040,43.05
Materials engineers,24190,43.23,89930,41.98
Mechanical engineers,258630,41.31,85930,39.47
"Mining and geological engineers, including mining safety engineers",7990,46.61,96950,41.76
Nuclear engineers,16400,51.38,106860,48.85
Petroleum engineers,34910,71.72,149180,63.62
"Engineers, all other",120810,45.34,94310,44.56
"Drafters, engineering technicians, and mapping technicians",680070,26.2,54490,25.21
Drafters,196460,25.79,53640,24.43
Architectural and civil drafters,88860,24.64,51250,23.46
Electrical and electronics drafters,29600,29.01,60350,27.53
Mechanical drafters,63180,26.21,54510,24.77
"Drafters, all other",14820,24.49,50930,22.92
"Engineering technicians, except drafters",435650,26.96,56080,26.22
Aerospace engineering and operations technicians,10540,30.07,62540,30.14
Civil engineering technicians,69830,23.74,49380,22.97
Electrical and electronics engineering technicians,141150,28.26,58770,28.15
Electro-mechanical technicians,15540,26.04,54160,24.68
Environmental engineering technicians,18020,23.64,49180,22.19
Industrial engineering technicians,68520,26.04,54170,25.01
Mechanical engineering technicians,46090,26.09,54280,25.19
"Engineering technicians, except drafters, all other",65960,29.78,61940,29.12
Surveying and mapping technicians,47950,20.93,43540,19.55
"Life, Physical, and Social Science Occupations",1135030,33.37,69400,29.26
Life Scientists,277080,38.11,79270,33.78
Agricultural and Food Scientists,30490,31.17,64830,28.63
Animal Scientists,2320,35.06,72930,30.89
Food Scientists and Technologists,15010,31.41,65340,28.67
Soil and Plant Scientists,13160,30.21,62830,28.36
Biological Scientists,100620,37.32,77630,34.04
Biochemists and Biophysicists,29110,44.06,91640,40.54
Microbiologists,19880,36.17,75230,32.61
Zoologists and Wildlife Biologists,18530,30.1,62610,27.61
"Biological Scientists, All Other",33100,36.14,75160,34.96
Conservation Scientists and Foresters,27810,29.76,61890,28.55
Conservation Scientists,18590,30.45,63330,29.43
Foresters,9220,28.37,59000,27.46
Medical Scientists,109620,42.98,89390,37.9
Epidemiologists,5350,35.11,73040,31.89
"Medical Scientists, Except Epidemiologists",104280,43.38,90230,38.39
"Life Scientists, All Other",8550,36.97,76900,32.18
Physical Scientists,276740,40.53,84300,36.32
Astronomers and Physicists,19090,55.98,116440,52.95
Astronomers,1750,53.09,110440,53.1
Physicists,17340,56.27,117040,52.94
Atmospheric and Space Scientists,10800,42.38,88140,41.84
Chemists and Materials Scientists,94950,37.88,78780,35.32
Chemists,87560,37.37,77740,34.79
Materials Scientists,7400,43.83,91160,42.63
Environmental Scientists and Geoscientists,128610,39.11,81360,34.03
"Environmental Scientists and Specialists, Including Health",87380,34.02,70770,31.29
"Geoscientists, Except Hydrologists and Geographers",34690,52.12,108420,44.19
Hydrologists,6540,38.11,79260,36.4
"Physical Scientists, All Other",23290,45.65,94950,44.82
Social Scientists and Related Workers,237770,35.92,74700,33.61
Economists,17230,48.78,101450,44.75
Survey Researchers,17370,25.58,53210,22.94
Psychologists,116390,35.73,74310,33.42
"Clinical, Counseling, and School Psychologists",104480,34.96,72710,32.58
Industrial-Organizational Psychologists,1040,42.29,87960,38.62
"Psychologists, All Other",10870,42.5,88400,43.82
Sociologists,2690,37.56,78120,34.82
Urban and Regional Planners,35940,32.66,67920,31.56
Miscellaneous Social Scientists and Related Workers,48160,37.84,78700,35.99
Anthropologists and Archeologists,6560,29.53,61420,28.06
Geographers,1480,36.09,75070,35.94
Historians,3200,28.85,60010,26.53
Political Scientists,5570,48.51,100900,48.52
"Social Scientists and Related Workers, All Other",31360,38.68,80450,36.91
"Life, Physical, and Social Science Technicians",343440,22,45770,20.16
Agricultural and Food Science Technicians,19390,17.79,37010,16.72
Biological Technicians,71590,21.02,43710,19.57
Chemical Technicians,63880,22.4,46590,20.82
Geological and Petroleum Technicians,15190,28.26,58780,25.68
Nuclear Technicians,6930,35.31,73450,34.91
Social Science Research Assistants,26830,19.92,41430,18.42
"Miscellaneous Life, Physical, and Social Science Technicians",139630,21.97,45710,20.33
Environmental Science and Protection Technicians,34510,21.86,45470,20.05
Forensic Science Technicians,13430,27.57,57340,26.13
Forest and Conservation Technicians,29740,18.13,37720,16.79
"Life, Physical, and Social Science Technicians, All Other",61950,22.67,47150,21.25
Community and Social Service Occupations,1901730,21.5,44710,19.62
"Counselors, Social Workers, and Other Community and Social Service Specialists",1830190,21.49,44690,19.62
Counselors,601300,22.99,47820,21.29
Substance Abuse and Behavioral Disorder Counselors,83120,19.75,41090,18.57
"Educational, Guidance, School, and Vocational Counselors",241870,27,56160,25.77
Marriage and Family Therapists,29060,24.85,51690,23.15
Mental Health Counselors,115580,21.01,43700,19.51
Rehabilitation Counselors,103840,18.1,37660,16.46
"Counselors, All Other",27830,22.28,46330,20.97
Social Workers,591240,23.25,48370,21.66
"Child, Family, and School Social Workers",276760,22.14,46060,20.25
Healthcare Social Workers,141830,25.25,52520,24.44
Mental Health and Substance Abuse Social Workers,110010,21.36,44420,19.7
"Social Workers, All Other",62640,26.95,56060,27.17
Miscellaneous Community and Social Service Specialists,637660,18.44,38350,16.51
Health Educators,56720,25.87,53800,23.66
Probation Officers and Correctional Treatment Specialists,86810,25.44,52910,23.29
Social and Human Service Assistants,355500,15.04,31280,14.05
Community Health Workers,45800,18.1,37640,16.64
"Community and Social Service Specialists, All Other",92830,20.52,42690,19.26
Religious Workers,71540,21.7,45130,19.65
Clergy,45020,22.86,47540,21.06
"Directors, religious activities and education",18600,21.27,44240,18.35
"Religious workers, all other",7920,16.11,33520,13.82
Legal Occupations,1041700,47.89,99620,36.59
"Lawyers, judges, and related workers",,,,53.66
Lawyers and judicial law clerks,603560,62.78,130580,54.24
Lawyers,592670,63.46,131990,54.95
Judicial law clerks,10890,25.91,53890,22.9
"Judges, magistrates, and other judicial workers",48280,46.48,96690,44.96
"Administrative law judges, adjudicators, and hearing officers",14270,43.09,89630,41.92
"Arbitrators, mediators, and conciliators",6830,36.94,76840,29.06
"Judges, magistrate judges, and magistrates",27190,50.66,105380,56.8
Legal support workers,389860,25.02,52040,22.76
Paralegals and legal assistants,271320,24.6,51170,22.87
Miscellaneous legal support workers,118540,25.97,54020,22.54
Court reporters,19200,26.33,54760,23.83
"Title examiners, abstractors, and searchers",53640,22.76,47340,20.59
"Legal support workers, all other",45700,29.6,61560,25.27
"Education, training, and library occupations",8400640,24.76,51500,22.19
Postsecondary teachers,1511280,(²),(²),(²)
"Business teachers, postsecondary",85220,(²),(²),(²)
"Math and computer teachers, postsecondary",89740,(²),(²),(²)
"Computer science teachers, postsecondary",35770,(²),(²),(²)
"Mathematical science teachers, postsecondary",53970,(²),(²),(²)
"Engineering and architecture teachers, postsecondary",42210,(²),(²),(²)
"Architecture teachers, postsecondary",7340,(²),(²),(²)
"Engineering teachers, postsecondary",34870,(²),(²),(²)
"Life sciences teachers, postsecondary",62500,(²),(²),(²)
"Agricultural sciences teachers, postsecondary",10120,(²),(²),(²)
"Biological science teachers, postsecondary",50230,(²),(²),(²)
"Forestry and conservation science teachers, postsecondary",2140,(²),(²),(²)
"Physical sciences teachers, postsecondary",50650,(²),(²),(²)
"Atmospheric, earth, marine, and space sciences teachers, postsecondary",10690,(²),(²),(²)
"Chemistry teachers, postsecondary",20820,(²),(²),(²)
"Environmental science teachers, postsecondary",5130,(²),(²),(²)
"Physics teachers, postsecondary",14010,(²),(²),(²)
"Social sciences teachers, postsecondary",119940,(²),(²),(²)
"Anthropology and archeology teachers, postsecondary",5920,(²),(²),(²)
"Area, ethnic, and cultural studies teachers, postsecondary",9700,(²),(²),(²)
"Economics teachers, postsecondary",13600,(²),(²),(²)
"Geography teachers, postsecondary",4400,(²),(²),(²)
"Political science teachers, postsecondary",17660,(²),(²),(²)
"Psychology teachers, postsecondary",40380,(²),(²),(²)
"Sociology teachers, postsecondary",17200,(²),(²),(²)
"Social sciences teachers, postsecondary, all other",11080,(²),(²),(²)
"Health teachers, postsecondary",220120,(²),(²),(²)
"Health specialties teachers, postsecondary",163850,(²),(²),(²)
"Nursing instructors and teachers, postsecondary",56270,(²),(²),(²)
"Education and library science teachers, postsecondary",67860,(²),(²),(²)
"Education teachers, postsecondary",63190,(²),(²),(²)
"Library science teachers, postsecondary",4670,(²),(²),(²)
"Law, criminal justice, and social work teachers, postsecondary",41240,(²),(²),(²)
"Criminal justice and law enforcement teachers, postsecondary",14870,(²),(²),(²)
"Law teachers, postsecondary",15600,(²),(²),(²)
"Social work teachers, postsecondary",10780,(²),(²),(²)
"Arts, communications, and humanities teachers, postsecondary",275820,(²),(²),(²)
"Art, drama, and music teachers, postsecondary",92930,(²),(²),(²)
"Communications teachers, postsecondary",29920,(²),(²),(²)
"English language and literature teachers, postsecondary",75320,(²),(²),(²)
"Foreign language and literature teachers, postsecondary",30590,(²),(²),(²)
"History teachers, postsecondary",23640,(²),(²),(²)
"Philosophy and religion teachers, postsecondary",23430,(²),(²),(²)
Miscellaneous postsecondary teachers,455970,(²),(²),(²)
Graduate teaching assistants,118820,(²),(²),(²)
"Home economics teachers, postsecondary",3870,(²),(²),(²)
"Recreation and fitness studies teachers, postsecondary",18820,(²),(²),(²)
"Vocational education teachers, postsecondary",121360,25.33,52680,23.22
"Postsecondary teachers, all other",193110,(²),(²),(²)
"Preschool, primary, secondary, and special education school teachers",4024430,(²),(²),(²)
Preschool and kindergarten teachers,510540,18.29,38040,16.06
"Preschool teachers, except special education",352730,15.11,31420,13.26
"Kindergarten teachers, except special education",157800,(²),(²),(²)
Elementary and middle school teachers,1984360,(²),(²),(²)
"Elementary school teachers, except special education",1344240,(²),(²),(²)
"Middle school teachers, except special and career/technical education",621970,(²),(²),(²)
"Career/technical education teachers, middle school",18150,(²),(²),(²)
Secondary school teachers,1031750,(²),(²),(²)
"Secondary school teachers, except special and career/technical education",946730,(²),(²),(²)
"Career/technical education teachers, secondary school",85020,(²),(²),(²)
Special education teachers,497780,(²),58050,(²)
"Special education teachers, preschool",24420,(²),55990,(²)
"Special education teachers, kindergarten and elementary school",198350,(²),56690,(²)
"Special education teachers, middle school",96770,(²),59540,(²)
"Special education teachers, secondary school",133490,(²),60410,(²)
"Special education teachers, all other",44750,(²),54920,(²)
Other teachers and instructors,1157660,17.88,37190,14.42
Adult basic and secondary education and literacy teachers,69880,25.89,53850,24.57
Self-enrichment education teachers,187180,19.56,40680,17.07
Miscellaneous teachers and instructors,900610,16.91,35170,13.61
Substitute teachers,630320,14.11,29350,12.42
"Teachers and instructors, all other, except substitute teachers",270290,(²),48750,(²)
"Librarians, curators, and archivists",258820,22.96,47750,21.63
"Archivists, curators, and museum technicians",26330,24.41,50770,22.1
Archivists,5560,25.32,52670,23.61
Curators,10910,26.74,55620,24.3
Museum technicians and conservators,9860,21.31,44330,19.24
Librarians,136510,27.67,57550,26.78
Library technicians,95980,15.86,33000,15.04
"Other education, training, and library occupations",1448450,(²),30460,(²)
Audio-visual and multimedia collections specialists,8840,22.52,46840,21.33
Farm and home management advisors,9120,23.56,49010,22.29
Instructional coordinators,133840,30.32,63070,29.14
Teacher assistants,1190720,(²),25570,(²)
"Education, training, and library workers, all other",105930,19.8,41190,17.65
"Arts, design, entertainment, sports, and media occupations",1758310,26.72,55580,21.45
Art and design workers,507370,24.63,51240,20.72
Artists and related workers,87240,36.19,75270,31.17
Art directors,32250,46.46,96650,39.9
Craft artists,4750,17.6,36600,14.62
"Fine artists, including painters, sculptors, and illustrators",11980,24.47,50900,20.48
Multimedia artists and animators,30790,34.81,72400,30.99
"Artists and related workers, all other",7470,28.11,58460,25.83
Designers,420130,22.23,46250,19.19
Commercial and industrial designers,28540,31.04,64570,29.99
Fashion designers,17370,35.37,73570,30.65
Floral designers,46490,12.55,26100,11.65
Graphic designers,194360,23.85,49610,21.55
Interior designers,43710,26.06,54200,23.32
Merchandise displayers and window trimmers,72590,14.39,29930,13.21
Set and exhibit designers,9750,25.96,53990,24.04
"Designers, all other",7330,25.34,52700,22.61
"Entertainers and performers, sports and related workers",488570,28.25,58750,18.97
"Actors, producers, and directors",155740,42.8,89020,30.48
Actors,63230,41.94,(²),22.15
Producers and directors,92510,43.38,90240,33.4
"Athletes, coaches, umpires, and related workers",236100,(²),39310,(²)
Athletes and sports competitors,13880,(²),71850,(²)
Coaches and scouts,206080,(²),37610,(²)
"Umpires, referees, and other sports officials",16140,(²),33020,(²)
Dancers and choreographers,17840,21.41,44540,16.9
Dancers,11540,20,(²),14.87
Choreographers,6300,24,49930,21.22
"Musicians, singers, and related workers",62450,29.92,(²),23.46
Music directors and composers,23190,26.23,54560,23.24
Musicians and singers,39260,32.1,(²),23.74
"Entertainers and performers, sports and related workers, all other",16440,25.69,(²),17.11
Media and communication workers,553780,28.61,59500,24.71
Announcers,38010,19.8,41190,13.61
Radio and television announcers,30530,20.1,41800,13.95
Public address system and other announcers,7480,18.6,38690,12.01
"News analysts, reporters and correspondents",48460,23.26,48380,17.71
Broadcast news analysts,4820,40.73,84710,29.07
Reporters and correspondents,43630,21.33,44360,17.11
Public relations specialists,202530,30.3,63020,26.41
Writers and editors,189680,31.81,66160,28.22
Editors,98790,30.2,62820,26.04
Technical writers,47300,33.8,70290,32.64
Writers and authors,43590,33.3,69250,27.77
Miscellaneous media and communication workers,75110,23.87,49650,20.83
Interpreters and translators,49060,23.04,47920,20.39
"Media and communication workers, all other",26040,25.44,52910,21.73
Media and communication equipment workers,208580,23.23,48320,19.15
Broadcast and sound engineering technicians and radio operators,98880,22.17,46110,19.56
Audio and video equipment technicians,56440,22.03,45830,19.83
Broadcast technicians,27800,20.02,41630,17.65
Radio operators,1160,21.74,45210,21.45
Sound engineering technicians,13480,27.22,56610,22.35
Photographers,54830,17.88,37190,14.08
"Television, video, and motion picture camera operators and editors",38780,29.87,62120,23.2
"Camera operators, television, video, and motion picture",16860,25.26,52530,20.45
Film and video editors,21920,33.41,69490,26.2
"Media and communication equipment workers, all other",16090,32,66570,32.52
Healthcare practitioners and technical occupations,7755810,35.93,74740,29.38
Health diagnosing and treating practitioners,4761110,44.87,93320,35.76
Chiropractors,28850,37.7,78410,31.4
Dentists,112300,81.19,168870,72.74
"Dentists, general",96000,79.12,164570,70.36
Oral and maxillofacial surgeons,5280,105.27,218960,(³)
Orthodontists,5570,94.36,196270,(³)
Prosthodontists,290,61.69,128310,43.87
"Dentists, all other specialists",5160,81.9,170340,78.58
Dietitians and nutritionists,59530,27.07,56300,26.88
Optometrists,32040,53.67,111640,48.7
Pharmacists,287420,56.01,116500,57.35
Physicians and surgeons,623380,92.25,191880,(³)
Anesthesiologists,30200,113.01,235070,(³)
Family and general practitioners,120860,88.43,183940,84.87
"Internists, general",46410,90.6,188440,89.83
Obstetricians and gynecologists,21730,102.2,212570,(³)
"Pediatricians, general",30890,81.98,170530,75.78
Psychiatrists,25040,87.82,182660,86.03
Surgeons,41030,112.09,233150,(³)
"Physicians and surgeons, all other",307220,90,187200,(³)
Physician assistants,88110,45.36,94350,44.7
Podiatrists,8850,64.94,135070,56.83
Therapists,600660,35.08,72970,34.21
Occupational therapists,108410,37.45,77890,36.99
Physical therapists,195670,39.51,82180,38.96
Radiation therapists,16950,39.3,81740,38.05
Recreational therapists,18640,21.88,45520,20.76
Respiratory therapists,118640,27.83,57880,27.06
Speech-language pathologists,125050,35.56,73970,34.04
Exercise physiologists,6010,23.46,48790,22.12
"Therapists, all other",11280,28.18,58610,26.61
Veterinarians,59230,46.22,96140,41.66
Registered nurses,2661890,33.13,68910,31.84
Nurse anesthetists,35430,75.81,157690,72.64
Nurse midwives,5460,44.34,92230,44.37
Nurse practitioners,113370,45.71,95070,44.55
Audiologists,11550,35.75,74360,34.22
"Health diagnosing and treating practitioners, all other",33070,41.69,86720,35.04
Health technologists and technicians,2849330,21.39,44480,19.65
Clinical laboratory technologists and technicians,319720,24.05,50020,23.43
Medical and clinical laboratory technologists,162630,28.59,59460,28.09
Medical and clinical laboratory technicians,157080,19.35,40240,18.26
Dental hygienists,192330,34.39,71530,34.19
Diagnostic related technologists and technicians,355290,28.73,59750,28.19
Cardiovascular technologists and technicians,51010,25.95,53990,25.58
Diagnostic medical sonographers,58250,32.29,67170,31.93
Nuclear medicine technologists,20020,34.6,71970,34.19
Radiologic technologists,194000,27.29,56760,26.54
Magnetic resonance imaging technologists,32000,31.71,65960,31.75
Emergency medical technicians and paramedics,237660,16.77,34870,15.04
Health practitioner support technologists and technicians,687480,16.17,33620,15.22
Dietetic technicians,26420,13.74,28580,12.32
Pharmacy technicians,362690,14.83,30840,14.25
Psychiatric technicians,66760,16.09,33470,14.37
Respiratory therapy technicians,12070,23.01,47850,22.61
Surgical technologists,97930,21.36,44420,20.54
Veterinary technologists and technicians,87870,15.27,31760,14.66
Ophthalmic medical technicians,33740,17.44,36280,16.8
Licensed practical and licensed vocational nurses,705200,20.63,42910,20.15
Medical records and health information technicians,180760,18.13,37710,16.81
"Opticians, dispensing",68390,17.17,35710,16.24
Miscellaneous health technologists and technicians,102500,22.7,47210,20.34
Orthotists and prosthetists,8330,34.01,70740,30.27
Hearing aid specialists,5170,23.03,47900,20.86
"Health technologists and technicians, all other",88990,21.62,44960,19.67
Other healthcare practitioners and technical occupations,145370,28.48,59230,26.8
Occupational health and safety specialists and technicians,76490,31.59,65710,30.83
Occupational health and safety specialists,62830,33.2,69050,32.67
Occupational health and safety technicians,13660,24.23,50390,22.78
Miscellaneous health practitioners and technical workers,68880,25.01,52030,22.2
Athletic trainers,22340,(²),44720,(²)
Genetic counselors,1980,30.19,62800,30.57
"Healthcare practitioners and technical workers, all other",44560,26.54,55210,23.37
Healthcare support occupations,3924390,13.61,28300,12.54
"Nursing, psychiatric, and home health aides",2361910,11.87,24700,11.22
"Nursing, psychiatric, and home health aides",2361910,11.87,24700,11.22
Home health aides,806710,10.6,22050,10.1
Psychiatric aides,75340,12.98,26990,12.08
Nursing assistants,1427830,12.51,26020,11.97
Orderlies,52030,12.66,26340,11.75
Occupational therapy and physical therapist assistants and aides,160430,21.19,44080,20.8
Occupational therapy assistants and aides,39160,23.75,49390,24.16
Occupational therapy assistants,30450,26.56,55250,26.57
Occupational therapy aides,8710,13.9,28900,12.67
Physical therapist assistants and aides,121270,20.37,42360,19.43
Physical therapist assistants,72640,25.63,53320,25.65
Physical therapist aides,48630,12.5,25990,11.69
Other healthcare support occupations,1402060,15.66,32570,14.92
Massage therapists,79040,19.42,40400,17.27
Miscellaneous healthcare support occupations,1323010,15.44,32110,14.83
Dental assistants,309540,17.13,35640,16.78
Medical assistants,571690,14.8,30780,14.24
Medical equipment preparers,51300,16.02,33320,15.25
Medical transcriptionists,68350,16.95,35260,16.63
Pharmacy aides,42250,11.78,24510,10.85
Veterinary assistants and laboratory animal caretakers,71800,12.07,25110,11.32
Phlebotomists,108210,15.1,31410,14.5
"Healthcare support workers, all other",99880,16.8,34950,16.42
Protective service occupations,3257690,20.92,43510,17.68
Supervisors of protective service workers,270500,33.03,68700,30.99
First-line supervisors of law enforcement workers,146300,36.64,76200,34.87
First-line supervisors of correctional officers,44980,29.59,61540,27.74
First-line supervisors of police and detectives,101320,39.76,82710,38.07
First-line supervisors of fire fighting and prevention workers,59700,34.94,72670,33.68
"First-line supervisors of protective service workers, all other",64510,23.08,48000,22.04
Fire fighting and prevention workers,316120,23.36,48580,22.09
Firefighters,302870,23.21,48270,21.92
Fire inspectors,13250,26.84,55820,25.57
Fire inspectors and investigators,11520,27.93,58100,26.66
Forest fire inspectors and prevention specialists,1730,19.54,40640,16.16
Law enforcement workers,1213870,26.44,54990,24.34
"Bailiffs, correctional officers, and jailers",449050,21.26,44220,19.01
Bailiffs,16360,19.53,40620,17.83
Correctional officers and jailers,432680,21.32,44350,19.02
Detectives and criminal investigators,109960,38,79030,36.89
Fish and game wardens,6640,24.27,50470,23.44
Parking enforcement workers,8790,17.9,37220,17.4
Police officers,639440,28.23,58720,26.99
Police and sheriff's patrol officers,635380,28.23,58720,26.99
Transit and railroad police,4060,27.98,58200,26.68
Other protective service workers,1457200,13.54,28160,11.7
Animal control workers,13590,16.29,33870,15.4
Private detectives and investigators,25820,25.91,53890,22.24
Security guards and gaming surveillance officers,1076980,13.26,27590,11.6
Gaming surveillance officers and gaming investigators,10260,15.37,31970,14.15
Security guards,1066730,13.24,27550,11.57
Miscellaneous protective service workers,340810,13.36,27780,11.53
Crossing guards,68050,12.75,26530,11.49
"Lifeguards, ski patrol, and other recreational protective service workers",130700,10.05,20890,9.16
Transportation security screeners,45790,17.98,37400,17.83
"Protective service workers, all other",96260,16.08,33450,14.43
Food preparation and serving related occupations,11914590,10.38,21580,9.15
Supervisors of food preparation and serving workers,950270,16.17,33640,14.53
Supervisors of food preparation and serving workers,950270,16.17,33640,14.53
Chefs and head cooks,107730,22.42,46620,20.43
First-line supervisors of food preparation and serving workers,842540,15.38,31980,14.09
Cooks and food preparation workers,2978730,10.61,22070,9.78
Cooks,2154650,10.79,22440,9.99
"Cooks, fast food",507940,9.07,18870,8.88
"Cooks, institution and cafeteria",399940,11.86,24670,11.14
"Cooks, private household",590,13.15,27350,11.17
"Cooks, restaurant",1057550,11.27,23440,10.65
"Cooks, short order",167480,10.18,21160,9.51
"Cooks, all other",21160,12.61,26230,11.58
Food preparation workers,824080,10.15,21110,9.35
Food and beverage serving workers,6678930,9.63,20020,8.91
Bartenders,555560,10.46,21770,9.09
Fast food and counter workers,3474600,9.13,18980,8.83
"Combined food preparation and serving workers, including fast food",3022880,9.08,18880,8.81
"Counter attendants, cafeteria, food concession, and coffee shop",451730,9.45,19650,8.99
Waiters and waitresses,2403960,10.04,20880,8.94
"Food servers, nonrestaurant",244820,10.77,22400,9.58
Other food preparation and serving related workers,1306660,9.46,19670,8.97
Dining room and cafeteria attendants and bartender helpers,409700,9.59,19940,8.95
Dishwashers,498110,9.22,19180,8.95
"Hosts and hostesses, restaurant, lounge, and coffee shop",360970,9.46,19670,8.96
"Food preparation and serving related workers, all other",37880,11.22,23330,9.94
Building and grounds cleaning and maintenance occupations,4291410,12.51,26010,11.04
Supervisors of building and grounds cleaning and maintenance workers,269540,19.73,41030,18.27
First-line supervisors of building and grounds cleaning and maintenance workers,269540,19.73,41030,18.27
First-line supervisors of housekeeping and janitorial workers,169920,18.45,38380,17.15
"First-line supervisors of landscaping, lawn service, and groundskeeping workers",99620,21.91,45560,20.47
Building cleaning and pest control workers,3099520,11.75,24430,10.5
Building cleaning workers,3035070,11.66,24260,10.44
"Janitors and cleaners, except maids and housekeeping cleaners",2101810,12.09,25140,10.86
Maids and housekeeping cleaners,917470,10.64,22130,9.51
"Building cleaning workers, all other",15790,14.57,30300,13.77
Pest control workers,64450,15.61,32480,14.58
Grounds maintenance workers,922350,12.95,26930,11.73
Grounds maintenance workers,922350,12.95,26930,11.73
Landscaping and groundskeeping workers,839780,12.65,26300,11.51
"Pesticide handlers, sprayers, and applicators, vegetation",22830,15.72,32690,14.82
Tree trimmers and pruners,40720,16.57,34470,15.67
"Grounds maintenance workers, all other",19030,15.25,31720,13.52
Personal care and service occupations,3986740,11.88,24710,10.1
Supervisors of personal care and service workers,183180,19.01,39540,17.59
First-line supervisors of gaming workers,32880,21.82,45380,21.35
Gaming supervisors,25150,23.53,48940,23.2
Slot supervisors,7730,16.25,33800,15.13
First-line supervisors of personal service workers,150300,18.39,38260,16.97
Animal care and service workers,164960,11.09,23060,9.71
Animal trainers,10610,14.92,31030,12.17
Nonfarm animal caretakers,154350,10.82,22510,9.57
Entertainment attendants and related workers,534830,10.22,21270,9.08
Gaming services workers,125300,10.6,22050,9.06
Gaming dealers,98790,10.04,20890,8.88
Gaming and sports book writers and runners,12760,12.44,25870,10.82
"Gaming service workers, all other",13750,12.91,26860,11.77
Motion picture projectionists,7630,10.78,22430,9.73
"Ushers, lobby attendants, and ticket takers",106770,9.79,20370,8.98
Miscellaneous entertainment attendants and related workers,295130,10.21,21230,9.11
Amusement and recreation attendants,260680,9.76,20310,9.05
Costume attendants,5900,23.75,49400,17.62
"Locker room, coatroom, and dressing room attendants",18910,10.78,22420,9.42
"Entertainment attendants and related workers, all other",9640,12.79,26590,11.58
Funeral service workers,62080,17.44,36270,14.16
Embalmers,4390,20.55,42750,20
Funeral attendants,33400,11.62,24180,10.83
"Morticians, undertakers, and funeral directors",24280,24.87,51720,22.64
Personal appearance workers,490050,12.98,27000,10.8
"Barbers, hairdressers, hairstylists and cosmetologists",367070,13.24,27540,11.16
Barbers,15100,13.32,27710,12.03
"Hairdressers, hairstylists, and cosmetologists",351960,13.24,27530,11.12
Miscellaneous personal appearance workers,122980,12.2,25370,9.67
"Makeup artists, theatrical and performance",2440,31.89,66330,22.7
Manicurists and pedicurists,71220,10.48,21790,9.3
Shampooers,15650,9.09,18910,8.9
Skincare specialists,33680,15.86,32990,13.92
"Baggage porters, bellhops, and concierges",73980,12.61,26220,11.28
"Baggage porters, bellhops, and concierges",73980,12.61,26220,11.28
Baggage porters and bellhops,43790,11.38,23660,9.77
Concierges,30190,14.39,29930,13.37
Tour and travel guides,38780,13.1,27250,11.78
Tour and travel guides,38780,13.1,27250,11.78
Tour guides and escorts,34530,12.51,26020,11.43
Travel guides,4250,17.93,37300,16.26
Other personal care and service workers,2438890,11.35,23620,10
Childcare workers,597900,10.33,21490,9.42
Personal care aides,1135470,10.09,20990,9.67
Recreation and fitness workers,555470,14.81,30800,11.95
Fitness trainers and aerobics instructors,238170,18.17,37790,15.88
Recreation workers,317310,12.29,25560,10.76
Personal care and service occupations (Continued),,,,
Residential advisors,88220,12.78,26580,11.79
"Personal care and service workers, all other",61820,11.31,23530,10.04
Sales and related occupations,14068190,18.37,38200,12.1
Supervisors of sales workers,1459330,23.29,48430,19.17
First-line supervisors of sales workers,1459330,23.29,48430,19.17
First-line supervisors of retail sales workers,1213550,19.93,41450,17.88
First-line supervisors of non-retail sales workers,245780,39.85,82890,33.92
Retail sales workers,8500690,11.39,23690,9.58
Cashiers,3363530,9.83,20450,9.12
Cashiers,3343470,9.82,20420,9.12
Gaming change persons and booth cashiers,20060,12.05,25070,11.43
Counter and rental clerks and parts salespersons,651970,13.89,28880,12.13
Counter and rental clerks,430700,13.05,27130,11.24
Parts salespersons,221270,15.52,32290,14.15
Retail salespersons,4485180,12.2,25370,10.16
"Sales representatives, services",1653600,33.02,68680,24.62
Advertising sales agents,148770,27.62,57440,22.03
Insurance sales agents,354460,30.58,63610,23.18
"Securities, commodities, and financial services sales agents",325140,49.28,102510,34.92
Travel agents,64250,17.88,37200,16.6
"Sales representatives, services, all other",760980,29.54,61450,24.53
"Sales representatives, wholesale and manufacturing",1756600,33.11,68880,27.86
"Sales representatives, wholesale and manufacturing",1756600,33.11,68880,27.86
"Sales representatives, wholesale and manufacturing, technical and scientific products",352830,41.16,85610,35.83
"Sales representatives, wholesale and manufacturing, except technical and scientific products",1403770,31.09,64670,26.16
Other sales and related workers,697970,21.2,44090,14.05
"Models, demonstrators, and product promoters",82330,13.84,28800,11.64
Demonstrators and product promoters,76870,13.92,28950,11.75
Models,5470,12.79,26600,9.15
Real estate brokers and sales agents,197820,28.32,58900,20.49
Real estate brokers,38970,39.6,82380,28.65
Real estate sales agents,158850,25.55,53140,19.14
Sales engineers,65730,48.94,101790,45.14
Telemarketers,231900,12.42,25830,10.87
Miscellaneous sales and related workers,120180,16.29,33870,12.91
"Door-to-door sales workers, news and street vendors, and related workers",6090,12.18,25330,9.82
"Sales and related workers, all other",114100,16.5,34330,13.11
Office and administrative support occupations,21442800,16.78,34900,15.39
Supervisors of office and administrative support workers,1366510,25.81,53690,24.13
First-line supervisors of office and administrative support workers,1366510,25.81,53690,24.13
Communications equipment operators,130890,13.53,28150,12.71
"Switchboard operators, including answering service",118060,13.11,27270,12.45
Telephone operators,10280,16.69,34720,15.67
"Communications equipment operators, all other",2550,20.36,42350,19.58
Financial clerks,3274960,16.82,34990,16.01
Bill and account collectors,368850,16.66,34650,15.83
Billing and posting clerks,493840,16.8,34940,16.26
"Bookkeeping, accounting, and auditing clerks",1586380,17.91,37250,17.18
Gaming cage workers,17360,12.59,26190,11.86
Payroll and timekeeping clerks,170400,19.16,39850,18.59
Procurement clerks,68690,18.72,38940,18.64
Tellers,527680,12.62,26260,12.21
"Financial clerks, all other",41770,19.52,40590,18.39
Information and record clerks,5344530,15.54,32320,14.45
Brokerage clerks,60300,22.96,47760,21.85
Correspondence clerks,7800,17.22,35810,16.75
"Court, municipal, and license clerks",127170,17.72,36850,16.89
"Credit authorizers, checkers, and clerks",50240,17.15,35660,16.13
Customer service representatives,2389580,16.04,33370,14.84
"Eligibility interviewers, government programs",123920,20.15,41910,20.15
File clerks,152920,13.79,28680,12.89
"Hotel, motel, and resort desk clerks",234750,10.58,22010,9.81
"Interviewers, except eligibility and loan",192360,15.22,31660,14.56
"Library assistants, clerical",101990,12.43,25850,11.37
Loan interviewers and clerks,213270,17.76,36940,17.33
New accounts clerks,56990,16.32,33940,15.96
Order clerks,200210,15.33,31880,14.48
"Human resources assistants, except payroll and timekeeping",136960,18.52,38520,18.12
Receptionists and information clerks,973580,13.2,27450,12.7
Reservation and transportation ticket agents and travel clerks,141900,16.69,34710,16.34
"Information and record clerks, all other",180570,18.05,37530,17.71
"Material recording, scheduling, dispatching, and distributing workers",3798670,15.67,32600,13.84
Cargo and freight agents,73760,20.97,43620,19.35
Couriers and messengers,74060,13.35,27770,12.61
Dispatchers,282130,18.78,39050,17.61
"Police, fire, and ambulance dispatchers",96860,18.73,38960,17.81
"Dispatchers, except police, fire, and ambulance",185270,18.8,39100,17.5
"Meter readers, utilities",37950,18.79,39080,17.51
Office and administrative support occupations (Continued),,,,
Postal service workers,500980,23.9,49720,25.89
Postal service clerks,71910,22.87,47570,25.88
Postal service mail carriers,307490,24.47,50890,27.16
"Postal service mail sorters, processors, and processing machine operators",121580,23.09,48040,25.88
"Production, planning, and expediting clerks",281930,22.3,46390,21.46
"Shipping, receiving, and traffic clerks",677450,14.93,31060,14.1
Stock clerks and order fillers,1800410,11.99,24940,10.81
"Weighers, measurers, checkers, and samplers, recordkeeping",69990,14.59,30340,13.64
Secretaries and administrative assistants,3647870,18.39,38250,17.15
Secretaries and administrative assistants,3647870,18.39,38250,17.15
Executive secretaries and executive administrative assistants,755210,24.94,51870,23.7
Legal secretaries,220680,21.65,45030,20.38
Medical secretaries,512970,15.93,33140,15.33
"Secretaries and administrative assistants, except legal, medical, and executive",2159000,16.35,34000,15.79
Other office and administrative support workers,3879380,14.96,31110,14.01
Computer operators,67450,19.25,40040,18.69
Data entry and information processing workers,295850,15.28,31790,14.64
Data entry keyers,207660,14.27,29670,13.69
Word processors and typists,88200,17.68,36770,17.32
Desktop publishers,14360,19.77,41130,18.2
Insurance claims and policy processing clerks,236160,18.27,38010,17.42
"Mail clerks and mail machine operators, except postal service",99140,13.83,28760,13.2
"Office clerks, general",2832010,14.42,29990,13.49
"Office machine operators, except computer",66840,14.29,29710,13.51
Proofreaders and copy markers,11260,16.97,35300,15.93
Statistical assistants,15640,20.45,42530,19.92
"Office and administrative support workers, all other",240670,16.35,34000,15.38
"Farming, fishing, and forestry occupations",435250,11.7,24330,9.32
"Supervisors of farming, fishing, and forestry workers",18540,22.09,45940,20.9
"First-line supervisors of farming, fishing, and forestry workers",18540,22.09,45940,20.9
Agricultural workers,373350,10.61,22080,9.16
Agricultural inspectors,13740,20.96,43600,20.52
Animal breeders,1240,19.38,40310,18.24
"Graders and sorters, agricultural products",38120,10.1,21000,9.24
Miscellaneous agricultural workers,320250,10.2,21210,9.11
Agricultural equipment operators,22650,13.34,27740,12.58
"Farmworkers and laborers, crop, nursery, and greenhouse",261720,9.65,20080,9
"Farmworkers, farm, ranch, and aquacultural animals",31000,11.91,24760,10.89
"Agricultural workers, all other",4870,14.03,29170,11.73
Fishing and hunting workers,560,17.43,36250,16.75
Fishers and related fishing workers,480,17.71,36840,16.96
"Forest, conservation, and logging workers",42800,16.59,34510,15.89
Forest and conservation workers,6940,13.88,28860,12.39
Logging workers,35870,17.12,35600,16.38
Fallers,5790,19.5,40550,16.6
Logging equipment operators,24490,16.69,34700,16.39
Log graders and scalers,2780,16.39,34090,15.9
"Logging workers, all other",2810,16.67,34680,16.44
Construction and extraction occupations,5088030,21.94,45630,19.55
Supervisors of construction and extraction workers,467130,30.7,63860,29.03
First-line supervisors of construction trades and extraction workers,467130,30.7,63860,29.03
Construction trades workers,3760870,21.4,44510,19.01
Boilermakers,15950,27.85,57920,27.74
"Brickmasons, blockmasons, and stonemasons",69150,23.6,49090,21.67
Brickmasons and blockmasons,58730,24.37,50700,22.41
Stonemasons,10410,19.23,39990,17.54
Carpenters,580570,21.62,44980,19.47
"Carpet, floor, and tile installers and finishers",68950,19.81,41210,17.58
Carpet installers,24640,19.39,40330,17.19
"Floor layers, except carpet, wood, and hard tiles",10020,19.15,39840,17.27
Floor sanders and finishers,4200,17.7,36810,16.94
Tile and marble setters,30090,20.68,43010,18.06
"Cement masons, concrete finishers, and terrazzo workers",145120,19.55,40660,17.4
Cement masons and concrete finishers,141910,19.52,40610,17.37
Terrazzo workers and finishers,3220,20.69,43030,18.8
Construction laborers,824970,16.84,35020,14.64
Construction equipment operators,400280,22.31,46410,20.16
"Paving, surfacing, and tamping equipment operators",55720,20.06,41720,18.16
Pile-driver operators,3620,27.03,56220,23.91
Operating engineers and other construction equipment operators,340950,22.63,47080,20.45
"Drywall installers, ceiling tile installers, and tapers",96080,21.2,44090,18.19
Drywall and ceiling tile installers,79950,20.75,43160,17.89
Tapers,16120,23.41,48690,21.1
Electricians,542680,25.75,53560,24.28
Glaziers,44050,20.46,42560,18.08
Construction and extraction occupations (Continued),,,,
Insulation workers,51600,20.38,42380,17.53
"Insulation workers, floor, ceiling, and wall",23850,17.76,36940,15.81
"Insulation workers, mechanical",27740,22.63,47060,19.47
Painters and paperhangers,196350,18.88,39280,17
"Painters, construction and maintenance",192890,18.89,39290,17.01
Paperhangers,3460,18.47,38410,16.19
"Pipelayers, plumbers, pipefitters, and steamfitters",392460,25.19,52390,23.31
Pipelayers,41080,19.29,40120,17.44
"Plumbers, pipefitters, and steamfitters",351380,25.88,53820,24.13
Plasterers and stucco masons,20600,19.95,41490,17.64
Reinforcing iron and rebar workers,17280,26.17,54430,24.52
Roofers,99060,18.65,38790,17.08
Sheet metal workers,134110,22.81,47440,21.1
Structural iron and steel workers,57480,24.8,51590,22.36
Solar photovoltaic installers,4130,20.11,41820,19.04
"Helpers, construction trades",216320,13.65,28400,12.97
"Helpers, construction trades",216320,13.65,28400,12.97
"Helpers--brickmasons, blockmasons, stonemasons, and tile and marble setters",24280,14.83,30860,13.59
Helpers--carpenters,37400,13.2,27450,12.54
Helpers--electricians,63660,13.91,28920,13.32
"Helpers--painters, paperhangers, plasterers, and stucco masons",11640,12.68,26370,11.97
"Helpers--pipelayers, plumbers, pipefitters, and steamfitters",47160,13.69,28460,13.19
Helpers--roofers,13130,12.46,25910,11.69
"Helpers, construction trades, all other",19050,13.54,28160,12.73
Other construction and related workers,379760,21.4,44500,19.4
Construction and building inspectors,87620,27.13,56430,26.18
Elevator installers and repairers,21270,36.64,76220,37.81
Fence erectors,19960,15.87,33000,15.02
Hazardous materials removal workers,40290,20.3,42220,18.23
Highway maintenance workers,139070,17.78,36980,17.25
Rail-track laying and maintenance equipment operators,15590,22.24,46260,22.25
Septic tank servicers and sewer pipe cleaners,24030,17.63,36660,16.6
Miscellaneous construction and related workers,31920,18.51,38510,16.92
Segmental pavers,1110,16.97,35290,15.77
"Construction and related workers, all other",30810,18.57,38620,16.97
Extraction workers,263940,21.66,45050,19.84
"Derrick, rotary drill, and service unit operators, oil, gas, and mining",108790,24.79,51570,21.79
"Derrick operators, oil and gas",22400,23.48,48830,22.64
"Rotary drill operators, oil and gas",27130,29.38,61110,24.79
"Service unit operators, oil, gas, and mining",59260,23.19,48230,20.57
"Earth drillers, except oil and gas",17620,22.15,46060,20.48
"Explosives workers, ordnance handling experts, and blasters",6540,24.19,50310,23.69
Mining machine operators,21780,23.71,49320,24.24
Continuous mining machine operators,12180,23.98,49870,24.43
Mine cutting and channeling machine operators,6850,23.31,48490,23.96
"Mining machine operators, all other",2740,23.55,48990,24.1
"Rock splitters, quarry",4130,16.51,34350,15.77
"Roof bolters, mining",5880,26.25,54590,26.34
"Roustabouts, oil and gas",68230,17.39,36170,16.62
Helpers--extraction workers,23020,16.89,35120,16.3
"Extraction workers, all other",7960,19.73,41040,19.02
"Installation, maintenance, and repair occupations",5138130,21.35,44420,19.92
"Supervisors of installation, maintenance, and repair workers",428620,30.52,63490,29.43
"First-line supervisors of mechanics, installers, and repairers",428620,30.52,63490,29.43
"Electrical and electronic equipment mechanics, installers, and repairers",570200,23.5,48880,22.56
"Computer, automated teller, and office machine repairers",110850,18.42,38310,17.5
Radio and telecommunications equipment installers and repairers,223440,25.8,53670,26.05
"Radio, cellular, and tower equipment installers and repairers",14090,23.26,48380,22.24
"Telecommunications equipment installers and repairers, except line installers",209350,25.98,54030,26.32
"Miscellaneous electrical and electronic equipment mechanics, installers, and repairers",235910,23.71,49320,22.89
Avionics technicians,17310,27.38,56940,26.92
"Electric motor, power tool, and related repairers",18490,19.47,40500,18.28
"Electrical and electronics installers and repairers, transportation equipment",15340,25.95,53970,25.4
"Electrical and electronics repairers, commercial and industrial equipment",67410,26.07,54230,25.67
"Electrical and electronics repairers, powerhouse, substation, and relay",23210,32.82,68270,33.52
"Electronic equipment installers and repairers, motor vehicles",11900,16.14,33570,15.02
Electronic home entertainment equipment installers and repairers,26960,17.94,37310,17.15
Security and fire alarm systems installers,55300,21.09,43870,20.19
"Vehicle and mobile equipment mechanics, installers, and repairers",1463720,19.87,41330,18.63
Aircraft mechanics and service technicians,115410,27.7,57610,26.91
Automotive technicians and repairers,755550,19.17,39880,17.78
Automotive body and related repairers,134650,20.49,42620,18.68
Automotive glass installers and repairers,15910,15.89,33050,15.54
Automotive service technicians and mechanics,604990,18.97,39450,17.65
Bus and truck mechanics and diesel engine specialists,238150,21.21,44120,20.54
Heavy vehicle and mobile equipment service technicians and mechanics,170720,21.98,45710,21.55
Farm equipment mechanics and service technicians,34840,17.5,36390,17.05
"Mobile heavy equipment mechanics, except engines",116590,23,47830,22.53
Rail car repairers,19290,23.89,49700,24.33
Small engine mechanics,62860,16.63,34590,15.86
Motorboat mechanics and service technicians,19650,17.99,37430,17.35
Motorcycle mechanics,14960,17.02,35400,16.15
Outdoor power equipment and other small engine mechanics,28250,15.47,32180,14.68
"Miscellaneous vehicle and mobile equipment mechanics, installers, and repairers",121020,12.82,26660,11.72
Bicycle repairers,10450,12.58,26160,12.22
Recreational vehicle service technicians,11200,17.69,36790,16.89
Tire repairers and changers,99370,12.29,25570,11.34
"Other installation, maintenance, and repair occupations",2675590,20.24,42100,18.85
Control and valve installers and repairers,57990,23.83,49570,22.36
Mechanical door repairers,17050,18.75,39000,17.63
"Control and valve installers and repairers, except mechanical door",40940,25.95,53970,25.47
"Heating, air conditioning, and refrigeration mechanics and installers",251700,22.17,46110,21.1
Home appliance repairers,32920,17.89,37220,16.9
"Industrial machinery installation, repair, and maintenance workers",436800,23.24,48340,22.44
Industrial machinery mechanics,306860,23.83,49560,23.03
"Maintenance workers, machinery",89510,20.68,43010,20
Millwrights,38680,24.58,51130,24.05
"Refractory materials repairers, except brickmasons",1750,20.87,43410,20.78
Line installers and repairers,231400,27.83,57890,28.72
Electrical power-line installers and repairers,111350,30.47,63380,30.85
Telecommunications line installers and repairers,120050,25.38,52790,25.3
Precision instrument and equipment repairers,64730,22.01,45790,20.78
Camera and photographic equipment repairers,3180,19.09,39700,17.99
Medical equipment repairers,40090,22.65,47120,21.24
Musical instrument repairers and tuners,7240,16.82,34990,15.26
Watch repairers,2840,18.25,37970,17.05
"Precision instrument and equipment repairers, all other",11390,24.81,51600,24.67
"Maintenance and repair workers, general",1249080,18.13,37710,17.14
Wind turbine service technicians,3290,25.51,53050,23.79
"Miscellaneous installation, maintenance, and repair workers",347690,16.86,35060,15.16
"Coin, vending, and amusement machine servicers and repairers",33250,15.79,32840,15.16
Commercial divers,3600,26.38,54880,23.04
"Fabric menders, except garment",800,13.42,27910,12.24
Locksmiths and safe repairers,17400,19.15,39820,18.25
Manufactured building and mobile home installers,3510,15.01,31210,13.91
Riggers,17330,21.24,44180,20.32
Signal and track switch repairers,7960,26.83,55810,26.75
"Helpers--installation, maintenance, and repair workers",127820,13.04,27120,11.78
"Installation, maintenance, and repair workers, all other",136010,19.09,39700,17.66
Production occupations,8765180,16.79,34930,15.03
Supervisors of production workers,580620,27.96,58150,26.29
First-line supervisors of production and operating workers,580620,27.96,58150,26.29
Assemblers and fabricators,1757500,15.1,31400,13.93
"Aircraft structure, surfaces, rigging, and systems assemblers",42810,23.84,49580,22.76
"Electrical, electronics, and electromechanical assemblers",267950,15.3,31830,14.31
"Coil winders, tapers, and finishers",14590,15.54,32320,15.09
Electrical and electronic equipment assemblers,203880,15.07,31350,14.01
Electromechanical equipment assemblers,49480,16.17,33630,15.29
Engine and other machine assemblers,39620,18.78,39060,17.93
Structural metal fabricators and fitters,77860,18.19,37840,17.49
Miscellaneous assemblers and fabricators,1329260,14.48,30120,13.33
Fiberglass laminators and fabricators,18800,14.24,29620,13.68
Team assemblers,1058100,14.71,30590,13.54
Timing device assemblers and adjusters,1460,15.1,31410,13.04
"Assemblers and fabricators, all other",250900,13.55,28190,12.37
Food processing workers,753020,12.75,26530,11.86
Bakers,165270,12.08,25120,11.13
"Butchers and other meat, poultry, and fish processing workers",381890,12.69,26400,11.96
Butchers and meat cutters,138900,14.4,29950,13.63
"Meat, poultry, and fish cutters and trimmers",160920,11.47,23850,11.12
Slaughterers and meat packers,82070,12.21,25400,12.01
Miscellaneous food processing workers,205860,13.41,27890,12.42
"Food and tobacco roasting, baking, and drying machine operators and tenders",18750,14.14,29410,13.37
Food batchmakers,109660,13.73,28560,12.77
Food cooking machine operators and tenders,34040,13.66,28410,12.86
"Food processing workers, all other",43400,12.07,25110,11.27
Metal workers and plastic workers,1887930,18.04,37510,17.12
Computer control programmers and operators,164270,18.78,39070,17.87
"Computer-controlled machine tool operators, metal and plastic",139930,17.94,37310,17.26
"Computer numerically controlled machine tool programmers, metal and plastic",24340,23.64,49170,22.36
"Forming machine setters, operators, and tenders, metal and plastic",128250,16.68,34690,16.14
"Extruding and drawing machine setters, operators, and tenders, metal and plastic",73140,15.94,33160,15.51
"Forging machine setters, operators, and tenders, metal and plastic",22570,16.89,35120,16.14
"Rolling machine setters, operators, and tenders, metal and plastic",32550,18.19,37830,17.8
"Machine tool cutting setters, operators, and tenders, metal and plastic",344000,16.03,33350,15.26
"Cutting, punching, and press machine setters, operators, and tenders, metal and plastic",187640,15.15,31520,14.4
"Drilling and boring machine tool setters, operators, and tenders, metal and plastic",19880,17.59,36580,16.48
"Grinding, lapping, polishing, and buffing machine tool setters, operators, and tenders, metal and plastic",70910,16.27,33850,15.49
"Lathe and turning machine tool setters, operators, and tenders, metal and plastic",41730,17.73,36890,17.18
"Milling and planing machine setters, operators, and tenders, metal and plastic",23850,19.72,37400,19.03
Machinists,391130,18.8,41020,18.54
"Metal furnace operators, tenders, pourers, and casters",32250,19.59,39110,19.49
Metal-refining furnace operators and tenders,21930,17.13,35630,16.15
"Pourers and casters, metal",10320,21.9,45560,21.31
"Model makers and patternmakers, metal and plastic",10360,23.04,47920,22.15
"Model makers, metal and plastic",6200,20.21,42030,20.1
"Patternmakers, metal and plastic",4160,14.63,30440,13.76
"Molders and molding machine setters, operators, and tenders, metal and plastic",137910,15.07,31350,14.59
Foundry mold and coremakers,13100,14.59,30340,13.68
"Molding, coremaking, and casting machine setters, operators, and tenders, metal and plastic",124810,17.02,35400,16.5
"Multiple machine tool setters, operators, and tenders, metal and plastic",93100,23.74,49390,23.06
Tool and die makers,78700,18.6,38700,18.6
"Welding, soldering, and brazing workers",403100,18.8,39110,18.8
"Welders, cutters, solderers, and brazers",352250,17.21,35800,17.21
"Welding, soldering, and brazing machine setters, operators, and tenders",50860,17.1,35560,17.1
Miscellaneous metal workers and plastic workers,104850,17.27,35930,17.27
"Heat treating equipment setters, operators, and tenders, metal and plastic",21500,21.03,43740,21.03
"Layout workers, metal and plastic",13420,15.52,32280,15.52
"Plating and coating machine setters, operators, and tenders, metal and plastic",36120,17.34,36060,17.34
"Tool grinders, filers, and sharpeners",11540,16.99,35340,15.63
"Metal workers and plastic workers, all other",22270,17.19,35750,16.43
Printing workers,256620,18.82,39150,18
Printing workers,256620,17.48,36350,16.79
Prepress technicians and workers,38000,15.06,31330,14.18
Printing press operators,166620,11.73,24390,10.67
Print binding and finishing workers,52000,10.46,21750,9.66
"Textile, apparel, and furnishings workers",573650,10.03,20870,9.55
Laundry and dry-cleaning workers,197650,11.25,23400,10.33
"Pressers, textile, garment, and related materials",51520,12.5,26000,11.68
Sewing machine operators,143370,12.85,26730,12.03
Shoe and leather workers,10760,11.97,24890,11.12
Shoe and leather workers and repairers,6460,13.64,28360,11.97
Shoe machine operators and tenders,4300,11.89,24720,11.35
"Tailors, dressmakers, and sewers",27100,14.1,29330,12.3
"Sewers, hand",5700,12.69,26390,12.41
"Tailors, dressmakers, and custom sewers",21400,12.36,25710,11.78
"Textile machine setters, operators, and tenders",75060,12.58,26180,12
Textile bleaching and dyeing machine operators and tenders,11680,13.16,27370,12.91
"Textile cutting machine setters, operators, and tenders",15160,12.5,25990,12.43
"Textile knitting and weaving machine setters, operators, and tenders",22200,15.74,32740,14.52
"Textile winding, twisting, and drawing out machine setters, operators, and tenders",26020,15.64,32540,15.27
"Miscellaneous textile, apparel, and furnishings workers",68180,21.97,45700,19.29
"Extruding and forming machine setters, operators, and tenders, synthetic and glass fibers",18890,15.47,32170,14.78
Fabric and apparel patternmakers,6060,13.79,28680,12.52
Upholsterers,28790,14.59,30340,13.76
"Textile, apparel, and furnishings workers, all other",14440,15.84,32960,14.96
Woodworkers,215240,14.49,30140,13.69
Cabinetmakers and bench carpenters,82770,17.5,36390,15.86
Furniture finishers,14470,16.3,33910,14.63
"Model makers and patternmakers, wood",2110,19.2,39940,17.89
"Model makers, wood",1240,13.57,28230,13.01
"Patternmakers, wood",870,13.47,28010,12.79
"Woodworking machine setters, operators, and tenders",108750,13.64,28370,13.13
"Sawing machine setters, operators, and tenders, wood",42210,26.77,55680,26.21
"Woodworking machine setters, operators, and tenders, except sawing",66540,33.89,70500,33.92
"Woodworkers, all other",7150,37.69,78400,37.69
Plant and system operators,310600,36.82,76580,36.82
"Power plant operators, distributors, and dispatchers",58860,32.32,67230,32.74
Nuclear power reactor operators,7790,27.01,56190,26.26
Power distributors and dispatchers,11260,21.67,45070,20.77
Power plant operators,39810,28.04,58320,28.19
Stationary engineers and boiler operators,35960,26.29,54690,26.31
Water and wastewater treatment plant and system operators,110230,30.18,62770,30.62
Miscellaneous plant and system operators,105550,29.5,61350,29.77
Chemical plant and system operators,38890,26.1,54300,26.19
Gas plant operators,13890,15.72,32690,14.32
"Petroleum pump system operators, refinery operators, and gaugers",41390,21.75,45240,21.01
"Plant and system operators, all other",11390,23.3,48470,22.95
"Chemical processing machine setters, operators, and tenders",2430000,19.55,40660,18.43
Chemical equipment operators and tenders,102950,16.45,34220,15.59
"Separating, filtering, clarifying, precipitating, and still machine setters, operators, and tenders",60450,16.36,34040,15.52
"Crushing, grinding, polishing, mixing, and blending workers",42510,14.11,29360,13.38
"Crushing, grinding, and polishing machine setters, operators, and tenders",179200,17.1,35560,16.32
"Grinding and polishing workers, hand",30580,16,33280,16.45
"Mixing and blending machine setters, operators, and tenders",31240,15.94,33160,16.36
Cutting workers,73240,15.19,31580,14.66
"Cutters and trimmers, hand",13800,13.24,27540,12.19
"Cutting and slicing machine setters, operators, and tenders",59450,15.64,32520,15.29
"Extruding, forming, pressing, and compacting machine setters, operators, and tenders",69740,16.02,33320,15.27
"Furnace, kiln, oven, drier, and kettle operators and tenders",19840,17.94,37320,17.05
"Inspectors, testers, sorters, samplers, and weighers",471750,18.2,37860,16.8
Jewelers and precious stone and metal workers,22890,19.24,40010,17.08
"Medical, dental, and ophthalmic laboratory technicians",78870,17.36,36120,16.01
Dental laboratory technicians,36790,19.13,39780,17.52
Medical appliance technicians,13320,18.38,38220,17.09
Ophthalmic laboratory technicians,28760,14.64,30450,13.96
Packaging and filling machine operators and tenders,372210,13.82,28740,12.65
Painting workers,149780,17.15,35680,15.94
"Coating, painting, and spraying machine setters, operators, and tenders",87070,15.52,32290,14.88
"Painters, transportation equipment",46770,21.12,43930,19.05
"Painting, coating, and decorating workers",15930,14.4,29960,13.64
Semiconductor processors,22750,17.34,36070,16.32
Photographic process workers and processing machine operators,37130,13.18,27410,11.46
Miscellaneous production workers,829640,13.77,28650,12.4
Adhesive bonding machine operators and tenders,18280,15.65,32540,14.68
"Cleaning, washing, and metal pickling equipment operators and tenders",16460,13.56,28210,12.73
Cooling and freezing equipment operators and tenders,7660,14.24,29620,13.31
Etchers and engravers,8570,14.45,30060,13.7
"Molders, shapers, and casters, except metal and plastic",32920,15.14,31480,14.32
"Paper goods machine setters, operators, and tenders",94910,17.23,35830,16.73
Tire builders,17570,18.86,39240,19.09
Helpers--production workers,426670,12.05,25070,11.13
"Production workers, all other",206600,14.89,30980,13.26
Transportation and material moving occupations,9005120,16.28,33860,13.99
Supervisors of transportation and material moving workers,371250,25.08,52180,23.7
Aircraft cargo handling supervisors,6270,23.54,48970,21.56
"First-line supervisors of helpers, laborers, and material movers, hand",167190,23.02,47880,21.99
First-line supervisors of transportation and material-moving machine and vehicle operators,197800,26.88,55910,25.68
Air transportation workers,234220,(²),84100,(²)
Aircraft pilots and flight engineers,110370,(²),113090,(²)
"Airline pilots, copilots, and flight engineers",73030,(²),129600,(²)
Commercial pilots,37340,(²),80800,(²)
Air traffic controllers and airfield operations specialists,30310,49.4,102750,48.98
Air traffic controllers,23060,57.05,118650,58.31
Airfield operations specialists,7250,25.09,52190,23.71
Flight attendants,93550,(²),43860,(²)
Motor vehicle operators,3664240,16.98,35320,15.87
"Ambulance drivers and attendants, except emergency medical technicians",18380,11.98,24920,11.35
Bus drivers,653940,15.21,31640,14.27
"Bus drivers, transit and intercity",157830,18.63,38750,17.64
"Bus drivers, school or special client",496110,14.12,29380,13.62
Driver/sales workers and truck drivers,2758700,17.77,36970,16.72
Driver/sales workers,396470,13.41,27900,10.92
Heavy and tractor-trailer truck drivers,1585300,19.68,40940,18.61
Light truck or delivery services drivers,776930,16.1,33490,14.02
Taxi drivers and chauffeurs,170030,12.12,25200,10.98
"Motor vehicle operators, all other",63200,15.44,32110,13.25
Rail transportation workers,123420,26.5,55110,25.86
Locomotive engineers and operators,43870,25.96,53990,24.86
Locomotive engineers,36860,26.76,55660,25.63
Locomotive firers,1880,23.03,47900,21.59
"Rail yard engineers, dinkey operators, and hostlers",5140,21.28,44260,20.33
"Railroad brake, signal, and switch operators",23950,24,49920,24.44
Railroad conductors and yardmasters,43100,27.9,58030,26.95
Subway and streetcar operators,8930,28.31,58880,30.6
"Rail transportation workers, all other",3570,28.42,59110,28.15
Water transportation workers,72440,28.78,59850,24.59
Sailors and marine oilers,28810,19.56,40690,18.73
Ship and boat captains and operators,33700,34.41,71570,31.66
"Captains, mates, and pilots of water vessels",30290,36.34,75580,33.62
Motorboat operators,3400,17.25,35880,15.17
Ship engineers,9930,36.37,75650,33.49
Other transportation workers,338080,13.16,27360,10.47
Bridge and lock tenders,3170,21.17,44040,22.29
Parking lot attendants,130190,10.26,21340,9.38
Automotive and watercraft service attendants,112970,10.56,21960,9.84
Traffic technicians,6220,21.12,43920,19.15
Transportation inspectors,23970,32.83,68280,31.71
"Transportation attendants, except flight attendants",21280,12.57,26150,11.27
"Transportation workers, all other",40290,16.54,34400,15.44
Material moving workers,4201450,13.28,27620,11.72
Conveyor operators and tenders,40760,15.95,33180,14.7
Crane and tower operators,41580,24.82,51620,23.38
"Dredge, excavating, and loading machine operators",49710,20.88,43420,19.07
Dredge operators,1750,21.91,45580,19.04
Excavating and loading machine and dragline operators,44780,20.66,42970,18.7
"Loading machine operators, underground mining",3180,23.36,48600,24.35
Hoist and winch operators,2980,23.26,48370,18.62
Industrial truck and tractor operators,504560,15.7,32660,14.77
"Laborers and material movers, hand",3374770,12.32,25630,11.03
Cleaners of vehicles and equipment,311940,11.05,22980,9.72
"Laborers and freight, stock, and material movers, hand",2284650,12.83,26690,11.52
Machine feeders and offbearers,106160,14.19,29510,13.61
"Packers and packagers, hand",672020,10.9,22670,9.6
Pumping station operators,31090,22.81,47450,22.26
Gas compressor and gas pumping station operators,4520,25.84,53740,26.16
"Pump operators, except wellhead pumpers",13170,22,45760,20.8
Wellhead pumpers,13410,22.59,46990,22.1
Refuse and recyclable material collectors,116460,16.96,35280,15.73
Mine shuttle car operators,2730,25.27,52560,25.49
"Tank car, truck, and ship loaders",12560,21.8,45340,20.33
"Material moving workers, all other",24250,18.75,39000,16.64
